{
    "Best index": 1,
    "Best score": 0.8001842726989785,
    "Refit time": 31.684212923049927,
    "Best params": {
        "shape_descriptor_function": "paa"
    },
    "Hemi cluster": 1
}