{
    "Best index": 1,
    "Best score": 0.8393923741182288,
    "Refit time": 113.24369835853577,
    "Best params": {
        "feature_selection": "none"
    },
    "Hemi cluster": 1
}