,mean_fit_time,std_fit_time,mean_score_time,std_score_time,param_feature_selection,params,split0_test_score,split1_test_score,split2_test_score,split3_test_score,split4_test_score,mean_test_score,std_test_score,rank_test_score,split0_train_score,split1_train_score,split2_train_score,split3_train_score,split4_train_score,mean_train_score,std_train_score
0,56.59691781997681,0.47702660596963026,1.0644946098327637,0.07372124345174308,chi2,{'feature_selection': 'chi2'},0.707397504456328,0.6943567670970827,0.794113192755521,0.803921568627451,0.8253633054544445,0.7650304676781653,0.05350645633690493,2,1.0,1.0,1.0,1.0,1.0,1.0,0.0
1,80.30354971885681,1.8660725375341798,1.0453464984893799,0.30608486243485516,none,{'feature_selection': 'none'},0.8869281045751632,0.8431372549019608,0.8115468409586056,0.8461873638344226,0.8484593837535014,0.8472517896047307,0.023952344390995788,1,1.0,1.0,1.0,1.0,1.0,1.0,0.0
