{
    "Best index": 1,
    "Best score": 0.8707505268246957,
    "Refit time": 104.24900317192078,
    "Best params": {
        "feature_selection": "none"
    },
    "Hemi cluster": 1
}