,subject,MACS,hemi,side_hemi,AHA,AI_aha,AI_week,healthy_percentage,predicted_aha
55,56,0,1,0,100,-3.23,2.74,"[95.6989247311828, 97.84946236559139, 68.17204301075269, 93.11827956989247, 97.74193548387096]",98.51397928451087
45,46,0,1,0,100,-0.95,-1.64,"[96.33113828786453, 97.74223894637818, 73.09501411100658, 89.18156161806209, 99.43555973659454]",100.0
66,67,1,2,1,87,4.11,7.0,"[92.85714285714286, 95.88744588744589, 59.84848484848485, 93.72294372294373, 96.86147186147186]",88.64030155391853
31,32,1,2,2,75,42.66,28.46,"[75.45541706615532, 49.664429530201346, 21.28475551294343, 61.07382550335571, 54.650047938638544]",48.433853422613765
22,23,1,2,1,64,44.85,26.45,"[87.67772511848341, 89.57345971563981, 29.383886255924168, 73.64928909952607, 92.13270142180095]",65.36442661702158
4,5,3,2,2,53,51.95,29.45,"[65.60000000000001, 63.709090909090904, 23.927272727272726, 44.07272727272728, 72.07272727272728]",63.10205253841639
24,25,3,2,1,42,69.66,53.13,"[65.61351947097722, 50.69801616458487, 12.343864805290227, 17.48714180749449, 80.30859662013225]",40.4355588629795
64,65,3,2,1,33,63.29,33.83,"[61.83035714285714, 59.70982142857143, 22.098214285714285, 40.848214285714285, 81.91964285714286]",49.1946929422687
