{
    "multi_corr": 0.34403709797157084,
    "single_corr": 0.5643757183228614,
    "homeaha_corr": 0.8026636346473814
}