{
    "multi_corr": 0.4920810107211438,
    "single_corr": 0.5804406381508496,
    "homeaha_corr": 0.8585946927263993
}