{
    "Best index": 1,
    "Best score": 0.8157436077436078,
    "Refit time": 30.520392894744873,
    "Best params": {
        "shape_descriptor_function": "paa"
    },
    "Hemi cluster": 1
}