{
    "Best index": 1,
    "Best score": 0.8494383989871824,
    "Refit time": 104.97496390342712,
    "Best params": {
        "feature_selection": "none"
    },
    "Hemi cluster": 1
}