,mean_fit_time,std_fit_time,mean_score_time,std_score_time,param_feature_selection,params,split0_test_score,split1_test_score,split2_test_score,split3_test_score,split4_test_score,mean_test_score,std_test_score,rank_test_score,split0_train_score,split1_train_score,split2_train_score,split3_train_score,split4_train_score,mean_train_score,std_train_score
0,158.3549823284149,0.9863185158112862,4.646849060058594,0.644424768899144,chi2,{'feature_selection': 'chi2'},0.843700779348293,0.8947368421052632,0.8784339394931168,0.8483867897592082,0.8805009155886347,0.8691518532589033,0.019740795425927393,1,1.0,1.0,1.0,1.0,1.0,1.0,0.0
1,209.67024211883546,3.6338967779848685,3.7975007057189942,0.5657226083981963,none,{'feature_selection': 'none'},0.8360556563823351,0.8947368421052632,0.9260213470739784,0.8304953560371517,0.8150533676849466,0.860472513856735,0.04249330649715203,2,1.0,1.0,1.0,1.0,1.0,1.0,0.0
