{
    "Best index": 1,
    "Best score": 0.8733207507529869,
    "Refit time": 249.00920009613037,
    "Best params": {
        "feature_selection": "none"
    },
    "Hemi cluster": 1
}