,subject,MACS,hemi,side_hemi,AHA,AI_aha,AI_week,healthy_percentage,predicted_aha
69,70,2,2,2,53,55.24,32.09,"[8.65979381443299, 52.47422680412372, 11.752577319587628, 14.845360824742269, 66.90721649484536]",45.10638444217717
53,54,0,1,0,100,1.59,1.28,"[75.2340425531915, 92.93617021276596, 41.191489361702125, 46.297872340425535, 98.63829787234043]",90.36912257017974
74,75,2,2,2,46,60.08,33.16,"[42.02127659574468, 74.57446808510639, 35.1063829787234, 34.361702127659576, 85.2127659574468]",66.43076548055379
48,49,0,1,0,100,11.55,-7.18,"[74.35897435897436, 88.64468864468864, 43.223443223443226, 47.74114774114774, 96.82539682539682]",89.58474616622598
40,41,0,1,0,100,19.98,-3.21,"[85.89981447124305, 96.56771799628943, 61.87384044526901, 57.7922077922078, 97.6808905380334]",96.59631437783935
24,25,3,2,1,42,69.66,53.13,"[10.50698016164585, 64.58486407053637, 0.881704628949302, 4.922850844966936, 79.50036737692872]",42.51076137888572
11,12,1,2,1,65,38.72,11.68,"[59.01875901875901, 92.64069264069265, 41.99134199134199, 47.61904761904761, 91.91919191919192]",84.49643195370732
21,22,2,2,2,53,49.61,26.29,"[11.16751269035533, 54.06091370558376, 18.781725888324875, 25.0, 34.13705583756345]",61.921308505043534
