,mean_fit_time,std_fit_time,mean_score_time,std_score_time,param_shape_descriptor_function,params,split0_test_score,split1_test_score,split2_test_score,split3_test_score,split4_test_score,mean_test_score,std_test_score,rank_test_score,split0_train_score,split1_train_score,split2_train_score,split3_train_score,split4_train_score,mean_train_score,std_train_score
0,28.33178687095642,0.1902426301652069,11.120970201492309,0.045141914880942435,raw,{'shape_descriptor_function': 'raw'},0.7324561403508774,0.6220604703247481,0.6644736842105263,0.6165413533834586,0.6251993620414672,0.6521462020622155,0.043590461559303156,2,1.0,1.0,1.0,1.0,1.0,1.0,0.0
1,27.777921867370605,0.2722971603444708,8.30424132347107,0.1040800750637793,paa,{'shape_descriptor_function': 'paa'},0.7324561403508774,0.804825451051564,0.7069177961626475,0.7204077387143749,0.79003359462486,0.7509281441808648,0.03909930114557216,1,1.0,1.0,1.0,1.0,1.0,1.0,0.0
