,mean_fit_time,std_fit_time,mean_score_time,std_score_time,param_init_algorithm,param_metric,param_n_clusters,params,split0_test_score,split1_test_score,split2_test_score,split3_test_score,split4_test_score,mean_test_score,std_test_score,rank_test_score,split0_train_score,split1_train_score,split2_train_score,split3_train_score,split4_train_score,mean_train_score,std_train_score
0,0.41895427703857424,0.03991846037960136,0.002776432037353516,0.00012078402872939458,forgy,euclidean,2,"{'init_algorithm': 'forgy', 'metric': 'euclidean', 'n_clusters': 2}",0.7981248216542335,0.7981248216542335,0.7612822906940554,0.851059615765498,0.8327748563042681,0.8082732812144577,0.03112919291974887,3,0.8107635580987338,0.7784960137901313,0.8199003739426804,0.8472849155284167,0.7698652110416816,0.8052620144803286,0.02821285256422503
1,16.634824132919313,0.32160500699359035,0.05352573394775391,0.0017616374634839686,forgy,dtw,2,"{'init_algorithm': 'forgy', 'metric': 'dtw', 'n_clusters': 2}",0.8689811226626044,0.8492374727668845,0.7981248216542335,0.7772832817337462,0.886344537815126,0.835994247326519,0.04166470832341061,1,0.858752011442875,0.8644207372920784,0.8241211977748845,0.8245286174171161,0.8544870782235154,0.8452619284300938,0.017383592054634873
2,0.3634063243865967,0.01155509694420438,0.00275568962097168,0.00011960929517057911,random,euclidean,2,"{'init_algorithm': 'random', 'metric': 'euclidean', 'n_clusters': 2}",0.7981248216542335,0.7981248216542335,0.7612822906940554,0.851059615765498,0.8327748563042681,0.8082732812144577,0.03112919291974887,3,0.8107635580987338,0.7784960137901313,0.7877685075461823,0.8472849155284167,0.7698652110416816,0.7988356412010292,0.02780314765825993
3,16.338774251937867,0.49123490275764076,0.054305219650268556,0.0033241251698589115,random,dtw,2,"{'init_algorithm': 'random', 'metric': 'dtw', 'n_clusters': 2}",0.8689811226626044,0.8492374727668845,0.7981248216542335,0.7772832817337462,0.886344537815126,0.835994247326519,0.04166470832341061,1,0.858752011442875,0.8644207372920784,0.8241211977748845,0.8245286174171161,0.8544870782235154,0.8452619284300938,0.017383592054634873
